{
  "display": {
    "background": "minecraft:textures/block/stone.png",
    "icon": {
      "item": "ths:socks_color_white_leggings"
    },
    "title": {
      "translate": "advancements.firstadv.title"
    },
    "description": {
      "translate": "advancements.firstadv.descr"
    },
    "frame": "goal",
    "show_toast": true,
    "announce_to_chat": true,
    "hidden": false
  },
  "criteria": {
    "firstadv": {
      "trigger": "minecraft:inventory_changed",
      "conditions": {
        "items": [
          {
            "items": [
              "ths:socks_color_white_leggings"
            ],
            "count": {
              "min": 1,
              "max": 1
            }
          }
        ]
      }
    }
  },
  "rewards": {
    "experience": 5000
  }
}