{
  "_fv": 34,
  "_type": "armor",
  "definition": {
    "enableHelmet": false,
    "textureHelmet": "",
    "enableBody": false,
    "textureBody": "",
    "enableLeggings": true,
    "textureLeggings": "sock_mw_item",
    "enableBoots": false,
    "textureBoots": "",
    "creativeTab": {
      "value": "CUSTOM:Socks"
    },
    "armorTextureFile": "sock_mw_layer_1",
    "helmetName": "Socks Color 1 Helmet",
    "bodyName": "Socks Color 1 Body",
    "leggingsName": "Magenta on White Thigh High's",
    "bootsName": "Socks Color 1 Boots",
    "helmetSpecialInfo": [],
    "bodySpecialInfo": [],
    "leggingsSpecialInfo": [],
    "bootsSpecialInfo": [],
    "helmetModelName": "Default",
    "helmetModelPart": "Helmet",
    "helmetModelTexture": "From armor",
    "bodyModelName": "Default",
    "bodyModelPart": "Body",
    "armsModelPartL": "Arms L",
    "armsModelPartR": "Arms R",
    "bodyModelTexture": "From armor",
    "leggingsModelName": "Default",
    "leggingsModelPartL": "Leggings L",
    "leggingsModelPartR": "Leggings R",
    "leggingsModelTexture": "From armor",
    "bootsModelName": "Default",
    "bootsModelPartL": "Boots L",
    "bootsModelPartR": "Boots R",
    "bootsModelTexture": "From armor",
    "helmetImmuneToFire": false,
    "bodyImmuneToFire": false,
    "leggingsImmuneToFire": false,
    "bootsImmuneToFire": false,
    "maxDamage": 15,
    "damageValueHelmet": 2,
    "damageValueBody": 6,
    "damageValueLeggings": 2,
    "damageValueBoots": 2,
    "enchantability": 9,
    "toughness": 0.0,
    "knockbackResistance": 0.0,
    "equipSound": {
      "value": "block.snow.place"
    },
    "repairItems": []
  }
}